[{"city":"Calgary","country":"Canada","district":null,"end_date":"2019-04-06","event_code":"abca","event_type":0,"key":"2019abca","name":"Canadian Rockies Regional","start_date":"2019-04-03","state_prov":"AB","year":2019},{"city":"Huntsville","country":"USA","district":null,"end_date":"2019-03-16","event_code":"alhu","event_type":0,"key":"2019alhu","name":"Rocket City Regional","start_date":"2019-03-13","state_prov":"AL","year":2019},{"city":"Detroit","country":"USA","district":null,"end_date":"2019-04-27","event_code":"arc","event_type":3,"key":"2019arc","name":"Archimedes Division","start_date":"2019-04-24","state_prov":"MI","year":2019},{"city":"Little Rock","country":"USA","district":null,"end_date":"2019-03-09","event_code":"arli","event_type":0,"key":"2019arli","name":"Arkansas Rock City Regional","start_date":"2019-03-06","state_prov":"AR","year":2019},{"city":"Searcy","country":"USA","district":null,"end_date":"2019-09-28","event_code":"aroz","event_type":99,"key":"2019aroz","name":"Ozark Mountain Brawl","start_date":"2019-09-27","state_prov":"AR","year":2019},{"city":"Macquarie Park","country":"Australia","district":null,"end_date":"2019-07-28","event_code":"audd","event_type":99,"key":"2019audd","name":"Duel Down Under","start_date":"2019-07-26","state_prov":"NSW","year":2019},{"city":"Sydney Olympic Park","country":"Australia","district":null,"end_date":"2019-03-12","event_code":"ausc","event_type":0,"key":"2019ausc","name":"Southern Cross Regional","start_date":"2019-03-09","state_prov":"NSW","year":2019},{"city":"Sydney Olympic Park","country":"Australia","district":null,"end_date":"2019-03-17","event_code":"ausp","event_type":0,"key":"2019ausp","name":"South Pacific Regional","start_date":"2019-03-15","state_prov":"NSW","year":2019},{"city":"Flagstaff","country":"USA","district":null,"end_date":"2019-03-16","event_code":"azfl","event_type":0,"key":"2019azfl","name":"Arizona North Regional","start_date":"2019-03-13","state_prov":"AZ","year":2019},{"city":"Phoenix","country":"USA","district":null,"end_date":"2019-04-06","event_code":"azpx","event_type":0,"key":"2019azpx","name":"Arizona West Regional","start_date":"2019-04-03","state_prov":"AZ","year":2019},{"city":"Tempe","country":"USA","district":null,"end_date":"2019-10-19","event_code":"aztem","event_type":99,"key":"2019aztem","name":"Sanghi Foundation Arizona FIRST® State Championship","start_date":"2019-10-19","state_prov":"AZ","year":2019},{"city":"Worcester","country":"USA","district":null,"end_date":"2019-06-09","event_code":"bc","event_type":99,"key":"2019bc","name":"BattleCry 20","start_date":"2019-06-08","state_prov":"MA","year":2019},{"city":"Victoria","country":"Canada","district":null,"end_date":"2019-03-09","event_code":"bcvi","event_type":0,"key":"2019bcvi","name":"Canadian Pacific Regional","start_date":"2019-03-06","state_prov":"BC","year":2019},{"city":"Rio Grande do Sul","country":"Brazil","district":null,"end_date":"2019-09-28","event_code":"brnov","event_type":99,"key":"2019brnov","name":"Off-Season Brazil","start_date":"2019-09-27","state_prov":"RS","year":2019},{"city":"Revere","country":"USA","district":null,"end_date":"2019-10-19","event_code":"bt","event_type":99,"key":"2019bt","name":"Beantown Blitz","start_date":"2019-10-19","state_prov":"MA","year":2019},{"city":"Lancaster","country":"USA","district":null,"end_date":"2019-04-06","event_code":"caav","event_type":0,"key":"2019caav","name":"Aerospace Valley Regional","start_date":"2019-04-03","state_prov":"CA","year":2019},{"city":"San Diego","country":"USA","district":null,"end_date":"2019-10-19","event_code":"cabb","event_type":99,"key":"2019cabb","name":"Battle at the Border","start_date":"2019-10-19","state_prov":"CA","year":2019},{"city":"Huntington Beach","country":"USA","district":null,"end_date":"2019-10-13","event_code":"cabl","event_type":99,"key":"2019cabl","name":"Beach Blitz","start_date":"2019-10-11","state_prov":"CA","year":2019},{"city":"Woodside","country":"USA","district":null,"end_date":"2019-10-06","event_code":"cacg","event_type":99,"key":"2019cacg","name":"CalGames","start_date":"2019-10-04","state_prov":"CA","year":2019},{"city":"Camarillo","country":"USA","district":null,"end_date":"2019-08-18","event_code":"cacma","event_type":99,"key":"2019cacma","name":"Wings Over Camarillo","start_date":"2019-08-17","state_prov":"CA","year":2019},{"city":"Davis","country":"USA","district":null,"end_date":"2019-03-23","event_code":"cada","event_type":0,"key":"2019cada","name":"Sacramento Regional","start_date":"2019-03-20","state_prov":"CA","year":2019},{"city":"Del Mar","country":"USA","district":null,"end_date":"2019-03-03","event_code":"cadm","event_type":0,"key":"2019cadm","name":"Del Mar Regional presented by Qualcomm","start_date":"2019-02-28","state_prov":"CA","year":2019},{"city":"Elk Grove","country":"USA","district":null,"end_date":"2019-10-20","event_code":"caelk","event_type":99,"key":"2019caelk","name":"Capital City Classic","start_date":"2019-10-18","state_prov":"CA","year":2019},{"city":"Placentia","country":"USA","district":null,"end_date":"2019-09-29","event_code":"cafc","event_type":99,"key":"2019cafc","name":"So Cal Fall Classic","start_date":"2019-09-28","state_prov":"CA","year":2019},{"city":"Fresno","country":"USA","district":null,"end_date":"2019-03-09","event_code":"cafr","event_type":0,"key":"2019cafr","name":"Central Valley Regional","start_date":"2019-03-06","state_prov":"CA","year":2019},{"city":"Los Angeles","country":"USA","district":null,"end_date":"2019-03-23","event_code":"cala","event_type":0,"key":"2019cala","name":"Los Angeles Regional","start_date":"2019-03-20","state_prov":"CA","year":2019},{"city":"Santa Clarita","country":"USA","district":null,"end_date":"2019-03-17","event_code":"caln","event_type":0,"key":"2019caln","name":"Los Angeles North Regional","start_date":"2019-03-14","state_prov":"CA","year":2019},{"city":"Seaside","country":"USA","district":null,"end_date":"2019-03-24","event_code":"camb","event_type":0,"key":"2019camb","name":"Monterey Bay Regional","start_date":"2019-03-21","state_prov":"CA","year":2019},{"city":"Costa Mesa","country":"USA","district":null,"end_date":"2019-03-02","event_code":"caoc","event_type":0,"key":"2019caoc","name":"Orange County Regional","start_date":"2019-02-27","state_prov":"CA","year":2019},{"city":"Detroit","country":"USA","district":null,"end_date":"2019-04-27","event_code":"cars","event_type":3,"key":"2019cars","name":"Carson Division","start_date":"2019-04-24","state_prov":"MI","year":2019},{"city":"Houston","country":"USA","district":null,"end_date":"2019-04-20","event_code":"carv","event_type":3,"key":"2019carv","name":"Carver Division","start_date":"2019-04-17","state_prov":"TX","year":2019},{"city":"Del Mar","country":"USA","district":null,"end_date":"2019-03-09","event_code":"casd","event_type":0,"key":"2019casd","name":"San Diego Regional presented by Qualcomm","start_date":"2019-03-06","state_prov":"CA","year":2019},{"city":"San Francisco","country":"USA","district":null,"end_date":"2019-03-17","event_code":"casf","event_type":0,"key":"2019casf","name":"San Francisco Regional","start_date":"2019-03-14","state_prov":"CA","year":2019},{"city":"San Jose","country":"USA","district":null,"end_date":"2019-03-31","event_code":"casj","event_type":0,"key":"2019casj","name":"Silicon Valley Regional","start_date":"2019-03-28","state_prov":"CA","year":2019},{"city":"Placentia","country":"USA","district":null,"end_date":"2019-02-17","event_code":"cass","event_type":100,"key":"2019cass","name":"SCRRF SoCal Spring Scrimmage","start_date":"2019-02-16","state_prov":"CA","year":2019},{"city":"Ventura","country":"USA","district":null,"end_date":"2019-03-30","event_code":"cave","event_type":0,"key":"2019cave","name":"Ventura Regional","start_date":"2019-03-27","state_prov":"CA","year":2019},{"city":"San Jose","country":"USA","district":null,"end_date":"2019-09-29","event_code":"cc","event_type":99,"key":"2019cc","name":"Chezy Champs","start_date":"2019-09-27","state_prov":"CA","year":2019},{"city":"Fairfax","country":"USA","district":{"abbreviation":"chs","display_name":"FIRST Chesapeake","key":"2019chs","year":2019},"end_date":"2019-04-13","event_code":"chcmp","event_type":2,"key":"2019chcmp","name":"FIRST Chesapeake District Championship","start_date":"2019-04-10","state_prov":"VA","year":2019},{"city":"Circle Pines","country":"USA","district":null,"end_date":"2019-02-16","event_code":"ckw0","event_type":100,"key":"2019ckw0","name":"Centurion-KnightKrawler Week Zero","start_date":"2019-02-16","state_prov":"MN","year":2019},{"city":"Detroit","country":"USA","district":null,"end_date":"2019-04-27","event_code":"cmpmi","event_type":4,"key":"2019cmpmi","name":"Einstein Field (Detroit)","start_date":"2019-04-27","state_prov":"MI","year":2019},{"city":"Houston","country":"USA","district":null,"end_date":"2019-04-20","event_code":"cmptx","event_type":4,"key":"2019cmptx","name":"Einstein Field (Houston)","start_date":"2019-04-20","state_prov":"TX","year":2019},{"city":"Denver","country":"USA","district":null,"end_date":"2019-09-29","event_code":"cocri","event_type":99,"key":"2019cocri","name":"Kendrick Castillo Robotics Invitational","start_date":"2019-09-27","state_prov":"CO","year":2019},{"city":"Denver","country":"USA","district":null,"end_date":"2019-03-23","event_code":"code","event_type":0,"key":"2019code","name":"Colorado Regional","start_date":"2019-03-20","state_prov":"CO","year":2019},{"city":"Old Lyme","country":"USA","district":null,"end_date":"2019-10-19","event_code":"ctbb","event_type":99,"key":"2019ctbb","name":"Bash At The Beach","start_date":"2019-10-19","state_prov":"CT","year":2019},{"city":"Hartford","country":"USA","district":{"abbreviation":"ne","display_name":"New England","key":"2019ne","year":2019},"end_date":"2019-04-07","event_code":"cthar","event_type":1,"key":"2019cthar","name":"NE District Hartford Event","start_date":"2019-04-05","state_prov":"CT","year":2019},{"city":"Hartford","country":"USA","district":null,"end_date":"2019-05-11","event_code":"ctsc","event_type":99,"key":"2019ctsc","name":"CT State Robotics Championship","start_date":"2019-05-11","state_prov":"CT","year":2019},{"city":"Lee's Summit","country":"USA","district":null,"end_date":"2019-11-02","event_code":"cttd","event_type":99,"key":"2019cttd","name":"Cow Town ThrowDown","start_date":"2019-11-01","state_prov":"MO","year":2019},{"city":"Waterbury","country":"USA","district":{"abbreviation":"ne","display_name":"New England","key":"2019ne","year":2019},"end_date":"2019-03-10","event_code":"ctwat","event_type":1,"key":"2019ctwat","name":"NE District Waterbury Event","start_date":"2019-03-08","state_prov":"CT","year":2019},{"city":"Detroit","country":"USA","district":null,"end_date":"2019-04-27","event_code":"cur","event_type":3,"key":"2019cur","name":"Curie Division","start_date":"2019-04-24","state_prov":"MI","year":2019},{"city":"Detroit","country":"USA","district":null,"end_date":"2019-04-27","event_code":"dal","event_type":3,"key":"2019dal","name":"Daly Division","start_date":"2019-04-24","state_prov":"MI","year":2019},{"city":"Detroit","country":"USA","district":null,"end_date":"2019-04-27","event_code":"dar","event_type":3,"key":"2019dar","name":"Darwin Division","start_date":"2019-04-24","state_prov":"MI","year":2019},{"city":"Woodbury","country":"USA","district":null,"end_date":"2019-09-21","event_code":"emcc","event_type":99,"key":"2019emcc","name":"EMCC 2019","start_date":"2019-09-21","state_prov":"MN","year":2019},{"city":"Melbourne","country":"USA","district":null,"end_date":"2019-09-28","event_code":"flme","event_type":99,"key":"2019flme","name":"Space Coast Showdown","start_date":"2019-09-28","state_prov":"FL","year":2019},{"city":"Orlando","country":"USA","district":null,"end_date":"2019-03-16","event_code":"flor","event_type":0,"key":"2019flor","name":"Orlando Regional","start_date":"2019-03-13","state_prov":"FL","year":2019},{"city":"Tampa","country":"USA","district":null,"end_date":"2019-10-13","event_code":"flrc","event_type":99,"key":"2019flrc","name":"ROBOTICON Tampa Bay","start_date":"2019-10-12","state_prov":"FL","year":2019},{"city":"West Palm Beach","country":"USA","district":null,"end_date":"2019-03-30","event_code":"flwp","event_type":0,"key":"2019flwp","name":"South Florida Regional","start_date":"2019-03-27","state_prov":"FL","year":2019},{"city":"Big Rapids","country":"USA","district":null,"end_date":"2019-09-28","event_code":"fsurd","event_type":99,"key":"2019fsurd","name":"FSU Roboday","start_date":"2019-09-27","state_prov":"MI","year":2019},{"city":"Austin","country":"USA","district":{"abbreviation":"tx","display_name":"FIRST In Texas","key":"2019tx","year":2019},"end_date":"2019-04-06","event_code":"ftcmp","event_type":2,"key":"2019ftcmp","name":"FIRST In Texas District Championship","start_date":"2019-04-03","state_prov":"TX","year":2019},{"city":"Albany","country":"USA","district":{"abbreviation":"pch","display_name":"Peachtree","key":"2019pch","year":2019},"end_date":"2019-03-16","event_code":"gaalb","event_type":1,"key":"2019gaalb","name":"PCH District Albany Event presented by Procter & Gamble","start_date":"2019-03-14","state_prov":"GA","year":2019},{"city":"Cartersville","country":"USA","district":{"abbreviation":"pch","display_name":"Peachtree","key":"2019pch","year":2019},"end_date":"2019-04-06","event_code":"gacmp","event_type":2,"key":"2019gacmp","name":"Peachtree District State Championship","start_date":"2019-04-03","state_prov":"GA","year":2019},{"city":"Columbus","country":"USA","district":{"abbreviation":"pch","display_name":"Peachtree","key":"2019pch","year":2019},"end_date":"2019-03-23","event_code":"gacol","event_type":1,"key":"2019gacol","name":"PCH District Columbus Event","start_date":"2019-03-21","state_prov":"GA","year":2019},{"city":"Dalton","country":"USA","district":{"abbreviation":"pch","display_name":"Peachtree","key":"2019pch","year":2019},"end_date":"2019-03-09","event_code":"gadal","event_type":1,"key":"2019gadal","name":"PCH District Dalton Event","start_date":"2019-03-07","state_prov":"GA","year":2019},{"city":"Alpharetta","country":"USA","district":{"abbreviation":"pch","display_name":"Peachtree","key":"2019pch","year":2019},"end_date":"2019-03-31","event_code":"gafor","event_type":1,"key":"2019gafor","name":"PCH District Forsyth District Event","start_date":"2019-03-29","state_prov":"GA","year":2019},{"city":"Gainesville","country":"USA","district":{"abbreviation":"pch","display_name":"Peachtree","key":"2019pch","year":2019},"end_date":"2019-03-03","event_code":"gagai","event_type":1,"key":"2019gagai","name":"PCH District Gainesville Event","start_date":"2019-03-01","state_prov":"GA","year":2019},{"city":"Marietta","country":"USA","district":null,"end_date":"2019-11-02","event_code":"gagr","event_type":99,"key":"2019gagr","name":"GRITS 2019 – Deep Space","start_date":"2019-11-02","state_prov":"GA","year":2019},{"city":"Houston","country":"USA","district":null,"end_date":"2019-04-20","event_code":"gal","event_type":3,"key":"2019gal","name":"Galileo Division","start_date":"2019-04-17","state_prov":"TX","year":2019},{"city":"Midland","country":"USA","district":null,"end_date":"2019-09-07","event_code":"glbbb","event_type":99,"key":"2019glbbb","name":"Great Lakes Bay Bot Bash","start_date":"2019-09-06","state_prov":"MI","year":2019},{"city":"Salina","country":"USA","district":null,"end_date":"2019-09-14","event_code":"gprr","event_type":99,"key":"2019gprr","name":"Great Plains Robot Roundup","start_date":"2019-09-13","state_prov":"KS","year":2019},{"city":"Honolulu","country":"USA","district":null,"end_date":"2019-03-30","event_code":"hiho","event_type":0,"key":"2019hiho","name":"Hawaii Regional","start_date":"2019-03-27","state_prov":"HI","year":2019},{"city":"Houston","country":"USA","district":null,"end_date":"2019-04-20","event_code":"hop","event_type":3,"key":"2019hop","name":"Hopper Division","start_date":"2019-04-17","state_prov":"TX","year":2019},{"city":"Cedar Falls","country":"USA","district":null,"end_date":"2019-03-23","event_code":"iacf","event_type":0,"key":"2019iacf","name":"Iowa Regional","start_date":"2019-03-20","state_prov":"IA","year":2019},{"city":"Nampa","country":"USA","district":null,"end_date":"2019-03-30","event_code":"idbo","event_type":0,"key":"2019idbo","name":"Idaho Regional","start_date":"2019-03-27","state_prov":"ID","year":2019},{"city":"Chicago","country":"USA","district":null,"end_date":"2019-03-09","event_code":"ilch","event_type":0,"key":"2019ilch","name":"Midwest Regional","start_date":"2019-03-06","state_prov":"IL","year":2019},{"city":"Peoria","country":"USA","district":null,"end_date":"2019-03-23","event_code":"ilpe","event_type":0,"key":"2019ilpe","name":"Central Illinois Regional","start_date":"2019-03-20","state_prov":"IL","year":2019},{"city":"Rockford","country":"USA","district":null,"end_date":"2019-07-27","event_code":"ilrr","event_type":99,"key":"2019ilrr","name":"Rock River Robotics Off-Season Competition","start_date":"2019-07-27","state_prov":"IL","year":2019},{"city":"West Lafayette","country":"USA","district":null,"end_date":"2019-11-16","event_code":"inbbb","event_type":99,"key":"2019inbbb","name":"Boiler Bot Battle","start_date":"2019-11-16","state_prov":"IN","year":2019},{"city":"Kokomo","country":"USA","district":{"abbreviation":"in","display_name":"FIRST Indiana Robotics","key":"2019in","year":2019},"end_date":"2019-04-13","event_code":"incmp","event_type":2,"key":"2019incmp","name":"Indiana State Championship","start_date":"2019-04-11","state_prov":"IN","year":2019},{"city":"Greenwood","country":"USA","district":{"abbreviation":"in","display_name":"FIRST Indiana Robotics","key":"2019in","year":2019},"end_date":"2019-03-30","event_code":"ingre","event_type":1,"key":"2019ingre","name":"IN District Center Grove Event sponsored by Toyota","start_date":"2019-03-28","state_prov":"IN","year":2019},{"city":"Mishawaka","country":"USA","district":{"abbreviation":"in","display_name":"FIRST Indiana Robotics","key":"2019in","year":2019},"end_date":"2019-03-10","event_code":"inmis","event_type":1,"key":"2019inmis","name":"IN District St. Joseph Event","start_date":"2019-03-08","state_prov":"IN","year":2019},{"city":"Mishawaka","country":"USA","district":null,"end_date":"2019-02-17","event_code":"inpr","event_type":100,"key":"2019inpr","name":"Penn Robotics Scrimmage","start_date":"2019-02-17","state_prov":"IN","year":2019},{"city":"Lafayette","country":"USA","district":{"abbreviation":"in","display_name":"FIRST Indiana Robotics","key":"2019in","year":2019},"end_date":"2019-03-24","event_code":"inwla","event_type":1,"key":"2019inwla","name":"IN District Tippecanoe Event","start_date":"2019-03-22","state_prov":"IN","year":2019},{"city":"Emek Hefer","country":"Israel","district":null,"end_date":"2019-10-16","event_code":"ios","event_type":99,"key":"2019ios","name":"Israel Off-Season","start_date":"2019-10-15","state_prov":"HaMerkaz","year":2019},{"city":"Indianapolis","country":"USA","district":null,"end_date":"2019-07-13","event_code":"iri","event_type":99,"key":"2019iri","name":"Indiana Robotics Invitational","start_date":"2019-07-12","state_prov":"IN","year":2019},{"city":"Yafo","country":"Israel","district":{"abbreviation":"isr","display_name":"FIRST Israel","key":"2019isr","year":2019},"end_date":"2019-04-04","event_code":"iscmp","event_type":2,"key":"2019iscmp","name":"FIRST Israel District Championship","start_date":"2019-04-02","state_prov":"Tel Aviv District","year":2019},{"city":"Haifa","country":"Israel","district":{"abbreviation":"isr","display_name":"FIRST Israel","key":"2019isr","year":2019},"end_date":"2019-03-05","event_code":"isde1","event_type":1,"key":"2019isde1","name":"ISR District Event #1","start_date":"2019-03-04","state_prov":"Haifa District","year":2019},{"city":"Haifa","country":"Israel","district":{"abbreviation":"isr","display_name":"FIRST Israel","key":"2019isr","year":2019},"end_date":"2019-03-07","event_code":"isde2","event_type":1,"key":"2019isde2","name":"ISR District Event #2","start_date":"2019-03-06","state_prov":"Haifa District","year":2019},{"city":"Tel Aviv-Yafo","country":"Israel","district":{"abbreviation":"isr","display_name":"FIRST Israel","key":"2019isr","year":2019},"end_date":"2019-03-12","event_code":"isde3","event_type":1,"key":"2019isde3","name":"ISR District Event #3","start_date":"2019-03-11","state_prov":"Tel Aviv District","year":2019},{"city":"Tel Aviv-Yafo","country":"Israel","district":{"abbreviation":"isr","display_name":"FIRST Israel","key":"2019isr","year":2019},"end_date":"2019-03-14","event_code":"isde4","event_type":1,"key":"2019isde4","name":"ISR District Event #4","start_date":"2019-03-13","state_prov":"Tel Aviv District","year":2019},{"city":"Olathe","country":"USA","district":null,"end_date":"2019-03-16","event_code":"ksla","event_type":0,"key":"2019ksla","name":"Heartland Regional","start_date":"2019-03-13","state_prov":"KS","year":2019},{"city":"Los Angeles","country":"USA","district":null,"end_date":"2019-08-31","event_code":"lafwbb1","event_type":99,"key":"2019lafwbb1","name":"Battleship Blast (Saturday)","start_date":"2019-08-31","state_prov":"CA","year":2019},{"city":"Los Angeles","country":"USA","district":null,"end_date":"2019-09-01","event_code":"lafwbb2","event_type":99,"key":"2019lafwbb2","name":"Battleship Blast (Sunday)","start_date":"2019-09-01","state_prov":"CA","year":2019},{"city":"Los Angeles","country":"USA","district":null,"end_date":"2019-09-02","event_code":"lafwbb3","event_type":99,"key":"2019lafwbb3","name":"Battleship Blast (Monday)","start_date":"2019-09-02","state_prov":"CA","year":2019},{"city":"Kenner","country":"USA","district":null,"end_date":"2019-03-23","event_code":"lake","event_type":0,"key":"2019lake","name":"Bayou Regional","start_date":"2019-03-20","state_prov":"LA","year":2019},{"city":"Revere","country":"USA","district":{"abbreviation":"ne","display_name":"New England","key":"2019ne","year":2019},"end_date":"2019-03-24","event_code":"mabos","event_type":1,"key":"2019mabos","name":"NE District Greater Boston Event","start_date":"2019-03-22","state_prov":"MA","year":2019},{"city":"Bridgewater","country":"USA","district":{"abbreviation":"ne","display_name":"New England","key":"2019ne","year":2019},"end_date":"2019-03-10","event_code":"mabri","event_type":1,"key":"2019mabri","name":"NE District SE Mass Event","start_date":"2019-03-08","state_prov":"MA","year":2019},{"city":"Shrewsbury","country":"USA","district":{"abbreviation":"ne","display_name":"New England","key":"2019ne","year":2019},"end_date":"2019-03-31","event_code":"macma","event_type":1,"key":"2019macma","name":"NE District Central Mass Event","start_date":"2019-03-29","state_prov":"MA","year":2019},{"city":"Dundee","country":"USA","district":null,"end_date":"2019-08-17","event_code":"marcd","event_type":99,"key":"2019marcd","name":"MARC II (Michigan Advanced Robotics Competition II)","start_date":"2019-08-16","state_prov":"MI","year":2019},{"city":"Monroe","country":"USA","district":null,"end_date":"2019-06-22","event_code":"marcm","event_type":99,"key":"2019marcm","name":"Michigan Advanced Robotics Competition - Monroe","start_date":"2019-06-20","state_prov":"MI","year":2019},{"city":"Reading","country":"USA","district":{"abbreviation":"ne","display_name":"New England","key":"2019ne","year":2019},"end_date":"2019-03-17","event_code":"marea","event_type":1,"key":"2019marea","name":"NE District North Shore Event","start_date":"2019-03-15","state_prov":"MA","year":2019},{"city":"Springfield","country":"USA","district":{"abbreviation":"ne","display_name":"New England","key":"2019ne","year":2019},"end_date":"2019-03-24","event_code":"mawne","event_type":1,"key":"2019mawne","name":"NE District Western NE Event","start_date":"2019-03-22","state_prov":"MA","year":2019},{"city":"Owings Mills","country":"USA","district":null,"end_date":"2019-09-21","event_code":"mdbb","event_type":99,"key":"2019mdbb","name":"Battle O’ Baltimore","start_date":"2019-09-20","state_prov":"MD","year":2019},{"city":"Bethesda","country":"USA","district":{"abbreviation":"chs","display_name":"FIRST Chesapeake","key":"2019chs","year":2019},"end_date":"2019-03-10","event_code":"mdbet","event_type":1,"key":"2019mdbet","name":"CHS District Bethesda MD Event sponsored by Bechtel","start_date":"2019-03-08","state_prov":"MD","year":2019},{"city":"Silver Spring","country":"USA","district":null,"end_date":"2019-12-14","event_code":"mdbn","event_type":99,"key":"2019mdbn","name":"Bunnybots Chesapeake","start_date":"2019-12-14","state_prov":"MD","year":2019},{"city":"Owings Mills","country":"USA","district":{"abbreviation":"chs","display_name":"FIRST Chesapeake","key":"2019chs","year":2019},"end_date":"2019-03-17","event_code":"mdowi","event_type":1,"key":"2019mdowi","name":"CHS District Owings Mills MD Event sponsored by Leidos","start_date":"2019-03-15","state_prov":"MD","year":2019},{"city":"Oxon Hill","country":"USA","district":{"abbreviation":"chs","display_name":"FIRST Chesapeake","key":"2019chs","year":2019},"end_date":"2019-03-24","event_code":"mdoxo","event_type":1,"key":"2019mdoxo","name":"CHS District Oxon Hill MD Event","start_date":"2019-03-22","state_prov":"MD","year":2019},{"city":"Lewiston","country":"USA","district":{"abbreviation":"ne","display_name":"New England","key":"2019ne","year":2019},"end_date":"2019-04-06","event_code":"melew","event_type":1,"key":"2019melew","name":"NE District Pine Tree Event","start_date":"2019-04-04","state_prov":"ME","year":2019},{"city":"South Portland","country":"USA","district":null,"end_date":"2019-06-29","event_code":"mesh","event_type":99,"key":"2019mesh","name":"Summer Heat","start_date":"2019-06-29","state_prov":"ME","year":2019},{"city":"Alpena","country":"USA","district":{"abbreviation":"fim","display_name":"FIRST In Michigan","key":"2019fim","year":2019},"end_date":"2019-03-30","event_code":"mial2","event_type":1,"key":"2019mial2","name":"FIM District Alpena Event #2","start_date":"2019-03-28","state_prov":"MI","year":2019},{"city":"Alpena","country":"USA","district":{"abbreviation":"fim","display_name":"FIRST In Michigan","key":"2019fim","year":2019},"end_date":"2019-03-23","event_code":"mialp","event_type":1,"key":"2019mialp","name":"FIM District Alpena Event #1","start_date":"2019-03-21","state_prov":"MI","year":2019},{"city":"Taylor","country":"USA","district":null,"end_date":"2019-06-15","event_code":"mibb","event_type":99,"key":"2019mibb","name":"Big Bang!","start_date":"2019-06-13","state_prov":"MI","year":2019},{"city":"Belleville","country":"USA","district":{"abbreviation":"fim","display_name":"FIRST In Michigan","key":"2019fim","year":2019},"end_date":"2019-03-09","event_code":"mibel","event_type":1,"key":"2019mibel","name":"FIM District Belleville Event","start_date":"2019-03-07","state_prov":"MI","year":2019},{"city":"Bloomfield Hills","country":"USA","district":null,"end_date":"2019-10-12","event_code":"mibg","event_type":99,"key":"2019mibg","name":"Bloomfield Girls Robotics Competition 2019","start_date":"2019-10-11","state_prov":"MI","year":2019},{"city":"Brownstown Charter Township","country":"USA","district":null,"end_date":"2019-09-14","event_code":"mibro","event_type":99,"key":"2019mibro","name":"Goonettes Invitational","start_date":"2019-09-13","state_prov":"MI","year":2019},{"city":"Center Line","country":"USA","district":{"abbreviation":"fim","display_name":"FIRST In Michigan","key":"2019fim","year":2019},"end_date":"2019-03-16","event_code":"micen","event_type":1,"key":"2019micen","name":"FIM District Center Line Event","start_date":"2019-03-14","state_prov":"MI","year":2019},{"city":"University Center","country":"USA","district":{"abbreviation":"fim","display_name":"FIRST In Michigan","key":"2019fim","year":2019},"end_date":"2019-04-13","event_code":"micmp","event_type":2,"key":"2019micmp","name":"Michigan State Championship","start_date":"2019-04-13","state_prov":"MI","year":2019},{"city":"University Center","country":"USA","district":{"abbreviation":"fim","display_name":"FIRST In Michigan","key":"2019fim","year":2019},"end_date":"2019-04-13","event_code":"micmp1","event_type":5,"key":"2019micmp1","name":"Michigan State Championship - DTE Energy Foundation Division","start_date":"2019-04-10","state_prov":"MI","year":2019},{"city":"University Center","country":"USA","district":{"abbreviation":"fim","display_name":"FIRST In Michigan","key":"2019fim","year":2019},"end_date":"2019-04-13","event_code":"micmp2","event_type":5,"key":"2019micmp2","name":"Michigan State Championship - Consumers Energy Division","start_date":"2019-04-10","state_prov":"MI","year":2019},{"city":"University Center","country":"USA","district":{"abbreviation":"fim","display_name":"FIRST In Michigan","key":"2019fim","year":2019},"end_date":"2019-04-13","event_code":"micmp3","event_type":5,"key":"2019micmp3","name":"Michigan State Championship - Ford Division","start_date":"2019-04-10","state_prov":"MI","year":2019},{"city":"University Center","country":"USA","district":{"abbreviation":"fim","display_name":"FIRST In Michigan","key":"2019fim","year":2019},"end_date":"2019-04-13","event_code":"micmp4","event_type":5,"key":"2019micmp4","name":"Michigan State Championship - Dow Division","start_date":"2019-04-10","state_prov":"MI","year":2019},{"city":"Livonia","country":"USA","district":null,"end_date":"2019-02-16","event_code":"midcw0","event_type":100,"key":"2019midcw0","name":"Dickinson Center Week 0","start_date":"2019-02-16","state_prov":"MI","year":2019},{"city":"Detroit","country":"USA","district":{"abbreviation":"fim","display_name":"FIRST In Michigan","key":"2019fim","year":2019},"end_date":"2019-03-16","event_code":"midet","event_type":1,"key":"2019midet","name":"FIM District Detroit Event","start_date":"2019-03-14","state_prov":"MI","year":2019},{"city":"Grand Rapids","country":"USA","district":{"abbreviation":"fim","display_name":"FIRST In Michigan","key":"2019fim","year":2019},"end_date":"2019-04-06","event_code":"mifor","event_type":1,"key":"2019mifor","name":"FIM District Forest Hills Event","start_date":"2019-04-04","state_prov":"MI","year":2019},{"city":"Gibraltar","country":"USA","district":{"abbreviation":"fim","display_name":"FIRST In Michigan","key":"2019fim","year":2019},"end_date":"2019-03-02","event_code":"migib","event_type":1,"key":"2019migib","name":"FIM District Gibraltar Event","start_date":"2019-02-28","state_prov":"MI","year":2019},{"city":"Lake Odessa","country":"USA","district":null,"end_date":"2019-10-05","event_code":"migrg","event_type":99,"key":"2019migrg","name":"Grand Rapids Girls Robotics competition ","start_date":"2019-10-03","state_prov":"MI","year":2019},{"city":"Richland","country":"USA","district":{"abbreviation":"fim","display_name":"FIRST In Michigan","key":"2019fim","year":2019},"end_date":"2019-03-16","event_code":"migul","event_type":1,"key":"2019migul","name":"FIM District Gull Lake Event","start_date":"2019-03-14","state_prov":"MI","year":2019},{"city":"Jackson","country":"USA","district":{"abbreviation":"fim","display_name":"FIRST In Michigan","key":"2019fim","year":2019},"end_date":"2019-03-23","event_code":"mijac","event_type":1,"key":"2019mijac","name":"FIM District Jackson Event","start_date":"2019-03-21","state_prov":"MI","year":2019},{"city":"Flint","country":"USA","district":{"abbreviation":"fim","display_name":"FIRST In Michigan","key":"2019fim","year":2019},"end_date":"2019-03-09","event_code":"mike2","event_type":1,"key":"2019mike2","name":"FIM District Kettering University Event #2","start_date":"2019-03-07","state_prov":"MI","year":2019},{"city":"Kentwood","country":"USA","district":{"abbreviation":"fim","display_name":"FIRST In Michigan","key":"2019fim","year":2019},"end_date":"2019-03-30","event_code":"miken","event_type":1,"key":"2019miken","name":"FIM District East Kentwood Event","start_date":"2019-03-28","state_prov":"MI","year":2019},{"city":"Flint","country":"USA","district":{"abbreviation":"fim","display_name":"FIRST In Michigan","key":"2019fim","year":2019},"end_date":"2019-03-02","event_code":"miket","event_type":1,"key":"2019miket","name":"FIM District Kettering University Event #1","start_date":"2019-02-28","state_prov":"MI","year":2019},{"city":"Flint","country":"USA","district":null,"end_date":"2019-09-21","event_code":"mikk","event_type":99,"key":"2019mikk","name":"Kettering Kickoff","start_date":"2019-09-20","state_prov":"MI","year":2019},{"city":"Kingsford","country":"USA","district":{"abbreviation":"fim","display_name":"FIRST In Michigan","key":"2019fim","year":2019},"end_date":"2019-03-16","event_code":"mikng","event_type":1,"key":"2019mikng","name":"FIM District Kingsford Event","start_date":"2019-03-14","state_prov":"MI","year":2019},{"city":"Battle Creek","country":"USA","district":{"abbreviation":"fim","display_name":"FIRST In Michigan","key":"2019fim","year":2019},"end_date":"2019-03-09","event_code":"milak","event_type":1,"key":"2019milak","name":"FIM District Lakeview Event","start_date":"2019-03-07","state_prov":"MI","year":2019},{"city":"Mason","country":"USA","district":{"abbreviation":"fim","display_name":"FIRST In Michigan","key":"2019fim","year":2019},"end_date":"2019-04-06","event_code":"milan","event_type":1,"key":"2019milan","name":"FIM District Lansing Event","start_date":"2019-04-04","state_prov":"MI","year":2019},{"city":"Ypsilanti","country":"USA","district":{"abbreviation":"fim","display_name":"FIRST In Michigan","key":"2019fim","year":2019},"end_date":"2019-03-23","event_code":"milin","event_type":1,"key":"2019milin","name":"FIM District Lincoln Event","start_date":"2019-03-21","state_prov":"MI","year":2019},{"city":"Livonia","country":"USA","district":{"abbreviation":"fim","display_name":"FIRST In Michigan","key":"2019fim","year":2019},"end_date":"2019-04-06","event_code":"miliv","event_type":1,"key":"2019miliv","name":"FIM District Livonia Event","start_date":"2019-04-04","state_prov":"MI","year":2019},{"city":"Sault Ste. Marie","country":"USA","district":{"abbreviation":"fim","display_name":"FIRST In Michigan","key":"2019fim","year":2019},"end_date":"2019-04-06","event_code":"milsu","event_type":1,"key":"2019milsu","name":"FIM District Lake Superior State University Event","start_date":"2019-04-04","state_prov":"MI","year":2019},{"city":"Marysville","country":"USA","district":{"abbreviation":"fim","display_name":"FIRST In Michigan","key":"2019fim","year":2019},"end_date":"2019-03-30","event_code":"mimar","event_type":1,"key":"2019mimar","name":"FIM District Marysville Event","start_date":"2019-03-28","state_prov":"MI","year":2019},{"city":"Midland","country":"USA","district":{"abbreviation":"fim","display_name":"FIRST In Michigan","key":"2019fim","year":2019},"end_date":"2019-03-23","event_code":"mimid","event_type":1,"key":"2019mimid","name":"FIM District Midland Event","start_date":"2019-03-21","state_prov":"MI","year":2019},{"city":"Highland Charter Township","country":"USA","district":{"abbreviation":"fim","display_name":"FIRST In Michigan","key":"2019fim","year":2019},"end_date":"2019-03-09","event_code":"mimil","event_type":1,"key":"2019mimil","name":"FIM District Milford Event","start_date":"2019-03-07","state_prov":"MI","year":2019},{"city":"Lake Odessa","country":"USA","district":null,"end_date":"2019-08-10","event_code":"mimm","event_type":99,"key":"2019mimm","name":"Mid-Mitten Roborodeo ","start_date":"2019-08-09","state_prov":"MI","year":2019},{"city":"Muskegon","country":"USA","district":{"abbreviation":"fim","display_name":"FIRST In Michigan","key":"2019fim","year":2019},"end_date":"2019-03-16","event_code":"mimus","event_type":1,"key":"2019mimus","name":"FIM District Muskegon Event","start_date":"2019-03-14","state_prov":"MI","year":2019},{"city":"Lapeer","country":"USA","district":null,"end_date":"2019-07-20","event_code":"mirc","event_type":99,"key":"2019mirc","name":"ROBO-CON FRC Off Season Competition 2019","start_date":"2019-07-19","state_prov":"MI","year":2019},{"city":"Shepherd","country":"USA","district":{"abbreviation":"fim","display_name":"FIRST In Michigan","key":"2019fim","year":2019},"end_date":"2019-03-30","event_code":"mishe","event_type":1,"key":"2019mishe","name":"FIM District Shepherd Event","start_date":"2019-03-28","state_prov":"MI","year":2019},{"city":"Saint Joseph","country":"USA","district":{"abbreviation":"fim","display_name":"FIRST In Michigan","key":"2019fim","year":2019},"end_date":"2019-03-09","event_code":"misjo","event_type":1,"key":"2019misjo","name":"FIM District St. Joseph Event","start_date":"2019-03-07","state_prov":"MI","year":2019},{"city":"Southfield","country":"USA","district":{"abbreviation":"fim","display_name":"FIRST In Michigan","key":"2019fim","year":2019},"end_date":"2019-03-02","event_code":"misou","event_type":1,"key":"2019misou","name":"FIM District Southfield Event","start_date":"2019-02-28","state_prov":"MI","year":2019},{"city":"Troy","country":"USA","district":{"abbreviation":"fim","display_name":"FIRST In Michigan","key":"2019fim","year":2019},"end_date":"2019-03-30","event_code":"mitry","event_type":1,"key":"2019mitry","name":"FIM District Troy Event","start_date":"2019-03-28","state_prov":"MI","year":2019},{"city":"Traverse City","country":"USA","district":{"abbreviation":"fim","display_name":"FIRST In Michigan","key":"2019fim","year":2019},"end_date":"2019-04-06","event_code":"mitvc","event_type":1,"key":"2019mitvc","name":"FIM District Traverse City Event","start_date":"2019-04-04","state_prov":"MI","year":2019},{"city":"Michigan","country":"USA","district":{"abbreviation":"fim","display_name":"FIRST In Michigan","key":"2019fim","year":2019},"end_date":"2019-03-23","event_code":"miwmi","event_type":1,"key":"2019miwmi","name":"FIM District West Michigan Event","start_date":"2019-03-21","state_prov":"MI","year":2019},{"city":"Ypsilanti","country":"USA","district":null,"end_date":"2019-08-03","event_code":"miwrc","event_type":99,"key":"2019miwrc","name":"Washtenaw Robotics Competition","start_date":"2019-08-02","state_prov":"MI","year":2019},{"city":"Savage","country":"USA","district":null,"end_date":"2019-11-23","event_code":"mmr","event_type":99,"key":"2019mmr","name":"The Minne Mini Regional","start_date":"2019-11-23","state_prov":"MN","year":2019},{"city":"Duluth","country":"USA","district":null,"end_date":"2019-03-09","event_code":"mndu","event_type":0,"key":"2019mndu","name":"Lake Superior Regional","start_date":"2019-03-06","state_prov":"MN","year":2019},{"city":"Duluth","country":"USA","district":null,"end_date":"2019-03-09","event_code":"mndu2","event_type":0,"key":"2019mndu2","name":"Northern Lights Regional","start_date":"2019-03-06","state_prov":"MN","year":2019},{"city":"Duluth","country":"USA","district":null,"end_date":"2019-07-20","event_code":"mngggt","event_type":99,"key":"2019mngggt","name":"Gitchi Gummi Get-Together 2019","start_date":"2019-07-19","state_prov":"MN","year":2019},{"city":"Minneapolis","country":"USA","district":null,"end_date":"2019-03-30","event_code":"mnmi","event_type":0,"key":"2019mnmi","name":"Minnesota 10,000 Lakes Regional presented by the Medtronic Foundation","start_date":"2019-03-27","state_prov":"MN","year":2019},{"city":"Minneapolis","country":"USA","district":null,"end_date":"2019-03-30","event_code":"mnmi2","event_type":0,"key":"2019mnmi2","name":"Minnesota North Star Regional","start_date":"2019-03-27","state_prov":"MN","year":2019},{"city":"Roseville","country":"USA","district":null,"end_date":"2019-10-12","event_code":"mnri","event_type":99,"key":"2019mnri","name":"Minnesota Robotics Invitational","start_date":"2019-10-12","state_prov":"MN","year":2019},{"city":"Minneapolis","country":"USA","district":null,"end_date":"2019-05-18","event_code":"mnsc","event_type":99,"key":"2019mnsc","name":"MSHSL FIRST State Robotics Championship","start_date":"2019-05-18","state_prov":"MN","year":2019},{"city":"Willmar","country":"USA","district":null,"end_date":"2019-02-16","event_code":"mnwcw","event_type":100,"key":"2019mnwcw","name":"West Central Week 0","start_date":"2019-02-16","state_prov":"MN","year":2019},{"city":"Saint Charles","country":"USA","district":null,"end_date":"2019-09-28","event_code":"mogw","event_type":99,"key":"2019mogw","name":"Gateway Robotics Challenge (GRC)","start_date":"2019-09-27","state_prov":"MO","year":2019},{"city":"Kansas City","country":"USA","district":null,"end_date":"2019-03-23","event_code":"mokc","event_type":0,"key":"2019mokc","name":"Greater Kansas City Regional","start_date":"2019-03-20","state_prov":"MO","year":2019},{"city":"Sedalia","country":"USA","district":null,"end_date":"2019-04-07","event_code":"mokc3","event_type":0,"key":"2019mokc3","name":"Central Missouri Regional","start_date":"2019-04-04","state_prov":"MO","year":2019},{"city":"Saint Charles","country":"USA","district":null,"end_date":"2019-05-18","event_code":"mosc","event_type":99,"key":"2019mosc","name":"Missouri State FRC Championship","start_date":"2019-05-17","state_prov":"MO","year":2019},{"city":"St. Louis","country":"USA","district":null,"end_date":"2019-03-16","event_code":"mosl","event_type":0,"key":"2019mosl","name":"St. Louis Regional","start_date":"2019-03-13","state_prov":"MO","year":2019},{"city":"Bethlehem","country":"USA","district":{"abbreviation":"fma","display_name":"FIRST Mid-Atlantic","key":"2019fma","year":2019},"end_date":"2019-04-06","event_code":"mrcmp","event_type":2,"key":"2019mrcmp","name":"FIRST Mid-Atlantic District Championship","start_date":"2019-04-03","state_prov":"PA","year":2019},{"city":"Gulfport","country":"USA","district":null,"end_date":"2019-07-20","event_code":"msbbb","event_type":99,"key":"2019msbbb","name":"Beach Bot Battle","start_date":"2019-07-18","state_prov":"MS","year":2019},{"city":"Madera","country":"USA","district":null,"end_date":"2019-11-10","event_code":"mttd","event_type":99,"key":"2019mttd","name":"MadTown Throwdown","start_date":"2019-11-08","state_prov":"CA","year":2019},{"city":"Ciudad de México","country":"Mexico","district":null,"end_date":"2019-03-16","event_code":"mxcm","event_type":0,"key":"2019mxcm","name":"Regional de la Ciudad de Mexico","start_date":"2019-03-13","state_prov":"CDMX","year":2019},{"city":"Monterrey","country":"Mexico","district":null,"end_date":"2019-03-09","event_code":"mxmo","event_type":0,"key":"2019mxmo","name":"Regional Monterrey","start_date":"2019-03-06","state_prov":"N.L.","year":2019},{"city":"Torreón","country":"Mexico","district":null,"end_date":"2019-03-23","event_code":"mxto","event_type":0,"key":"2019mxto","name":"Regional Laguna","start_date":"2019-03-20","state_prov":"Coah.","year":2019},{"city":"Asheville","country":"USA","district":{"abbreviation":"fnc","display_name":"FIRST North Carolina","key":"2019fnc","year":2019},"end_date":"2019-03-24","event_code":"ncash","event_type":1,"key":"2019ncash","name":"FNC District UNC Asheville Event","start_date":"2019-03-22","state_prov":"NC","year":2019},{"city":"Buies Creek","country":"USA","district":{"abbreviation":"fnc","display_name":"FIRST North Carolina","key":"2019fnc","year":2019},"end_date":"2019-04-07","event_code":"nccmp","event_type":2,"key":"2019nccmp","name":"FIRST North Carolina State Championship","start_date":"2019-04-05","state_prov":"NC","year":2019},{"city":"Cary","country":"USA","district":null,"end_date":"2019-10-19","event_code":"ncdi","event_type":99,"key":"2019ncdi","name":"Doyenne Inspiration ","start_date":"2019-10-19","state_prov":"NC","year":2019},{"city":"Gibsonville","country":"USA","district":{"abbreviation":"fnc","display_name":"FIRST North Carolina","key":"2019fnc","year":2019},"end_date":"2019-03-17","event_code":"ncgui","event_type":1,"key":"2019ncgui","name":"FNC District Guilford County Event","start_date":"2019-03-15","state_prov":"NC","year":2019},{"city":"Hampstead","country":"USA","district":null,"end_date":"2019-09-14","event_code":"ncham","event_type":99,"key":"2019ncham","name":"THOR East","start_date":"2019-09-14","state_prov":"NC","year":2019},{"city":"Hendersonville","country":"USA","district":null,"end_date":"2019-10-12","event_code":"nchen","event_type":99,"key":"2019nchen","name":"THOR West","start_date":"2019-10-12","state_prov":"NC","year":2019},{"city":"Pembroke","country":"USA","district":{"abbreviation":"fnc","display_name":"FIRST North Carolina","key":"2019fnc","year":2019},"end_date":"2019-03-31","event_code":"ncpem","event_type":1,"key":"2019ncpem","name":"FNC District UNC Pembroke Event","start_date":"2019-03-29","state_prov":"NC","year":2019},{"city":"Holly Springs","country":"USA","district":{"abbreviation":"fnc","display_name":"FIRST North Carolina","key":"2019fnc","year":2019},"end_date":"2019-03-10","event_code":"ncwak","event_type":1,"key":"2019ncwak","name":"FNC District Wake County Event","start_date":"2019-03-08","state_prov":"NC","year":2019},{"city":"Grand Forks","country":"USA","district":null,"end_date":"2019-03-16","event_code":"ndgf","event_type":0,"key":"2019ndgf","name":"Great Northern Regional","start_date":"2019-03-13","state_prov":"ND","year":2019},{"city":"Worcester","country":"USA","district":{"abbreviation":"ne","display_name":"New England","key":"2019ne","year":2019},"end_date":"2019-04-13","event_code":"necmp","event_type":2,"key":"2019necmp","name":"New England District Championship","start_date":"2019-04-10","state_prov":"MA","year":2019},{"city":"Houston","country":"USA","district":null,"end_date":"2019-04-20","event_code":"new","event_type":3,"key":"2019new","name":"Newton Division","start_date":"2019-04-17","state_prov":"TX","year":2019},{"city":"Alton","country":"USA","district":null,"end_date":"2019-11-09","event_code":"nhbb","event_type":99,"key":"2019nhbb","name":"Battle of the Bay","start_date":"2019-11-09","state_prov":"NH","year":2019},{"city":"Durham","country":"USA","district":{"abbreviation":"ne","display_name":"New England","key":"2019ne","year":2019},"end_date":"2019-03-31","event_code":"nhdur","event_type":1,"key":"2019nhdur","name":"NE District UNH Event","start_date":"2019-03-29","state_prov":"NH","year":2019},{"city":"Salem","country":"USA","district":{"abbreviation":"ne","display_name":"New England","key":"2019ne","year":2019},"end_date":"2019-03-02","event_code":"nhgrs","event_type":1,"key":"2019nhgrs","name":"NE District Granite State Event","start_date":"2019-02-28","state_prov":"NH","year":2019},{"city":"Merrimack","country":"USA","district":null,"end_date":"2019-06-01","event_code":"nhmm","event_type":99,"key":"2019nhmm","name":"Mayhem in Merrimack","start_date":"2019-06-01","state_prov":"NH","year":2019},{"city":"Manchester","country":"USA","district":null,"end_date":"2019-10-26","event_code":"nhrr","event_type":99,"key":"2019nhrr","name":"RiverRage 23 2019","start_date":"2019-10-26","state_prov":"NH","year":2019},{"city":"Bedford","country":"USA","district":{"abbreviation":"ne","display_name":"New England","key":"2019ne","year":2019},"end_date":"2019-03-17","event_code":"nhsnh","event_type":1,"key":"2019nhsnh","name":"NE District Southern NH Event","start_date":"2019-03-15","state_prov":"NH","year":2019},{"city":"North Brunswick Township","country":"USA","district":null,"end_date":"2019-11-09","event_code":"njbe","event_type":99,"key":"2019njbe","name":"Brunswick Eruption ","start_date":"2019-11-09","state_prov":"NJ","year":2019},{"city":"Bridgewater","country":"USA","district":{"abbreviation":"fma","display_name":"FIRST Mid-Atlantic","key":"2019fma","year":2019},"end_date":"2019-03-17","event_code":"njbri","event_type":1,"key":"2019njbri","name":"FMA District Bridgewater-Raritan Event","start_date":"2019-03-15","state_prov":"NJ","year":2019},{"city":"Carneys Point Township","country":"USA","district":null,"end_date":"2019-10-19","event_code":"njdd","event_type":99,"key":"2019njdd","name":"Duel on the Delaware","start_date":"2019-10-19","state_prov":"NJ","year":2019},{"city":"Mount Olive Township","country":"USA","district":{"abbreviation":"fma","display_name":"FIRST Mid-Atlantic","key":"2019fma","year":2019},"end_date":"2019-03-10","event_code":"njfla","event_type":1,"key":"2019njfla","name":"FMA District Mount Olive Event","start_date":"2019-03-08","state_prov":"NJ","year":2019},{"city":"New Jersey","country":"USA","district":null,"end_date":"2019-06-22","event_code":"njmm","event_type":99,"key":"2019njmm","name":"Midknight Mayhem","start_date":"2019-06-21","state_prov":"NJ","year":2019},{"city":"Montgomery","country":"USA","district":{"abbreviation":"fma","display_name":"FIRST Mid-Atlantic","key":"2019fma","year":2019},"end_date":"2019-03-31","event_code":"njski","event_type":1,"key":"2019njski","name":"FMA District Montgomery Event","start_date":"2019-03-29","state_prov":"NJ","year":2019},{"city":"Tabernacle","country":"USA","district":{"abbreviation":"fma","display_name":"FIRST Mid-Atlantic","key":"2019fma","year":2019},"end_date":"2019-03-24","event_code":"njtab","event_type":1,"key":"2019njtab","name":"FMA District Seneca Event","start_date":"2019-03-22","state_prov":"NJ","year":2019},{"city":"Thief River Falls","country":"USA","district":null,"end_date":"2019-10-26","event_code":"nmrc","event_type":99,"key":"2019nmrc","name":"NMRC Championship ","start_date":"2019-10-26","state_prov":"MN","year":2019},{"city":"Las Vegas","country":"USA","district":null,"end_date":"2019-03-30","event_code":"nvlv","event_type":0,"key":"2019nvlv","name":"Las Vegas Regional","start_date":"2019-03-27","state_prov":"NV","year":2019},{"city":"Dix Hills","country":"USA","district":null,"end_date":"2019-11-02","event_code":"nydix","event_type":99,"key":"2019nydix","name":"HHH Robotics Invitational","start_date":"2019-11-02","state_prov":"NY","year":2019},{"city":"Hempstead","country":"USA","district":null,"end_date":"2019-03-27","event_code":"nyli","event_type":0,"key":"2019nyli","name":"SBPLI Long Island Regional #1","start_date":"2019-03-24","state_prov":"NY","year":2019},{"city":"Hempstead","country":"USA","district":null,"end_date":"2019-03-27","event_code":"nyli2","event_type":0,"key":"2019nyli2","name":"SBPL2 Long Island Regional #2","start_date":"2019-03-24","state_prov":"NY","year":2019},{"city":"New York","country":"USA","district":null,"end_date":"2019-04-07","event_code":"nyny","event_type":0,"key":"2019nyny","name":"New York City Regional","start_date":"2019-04-04","state_prov":"NY","year":2019},{"city":"Rochester","country":"USA","district":null,"end_date":"2019-03-16","event_code":"nyro","event_type":0,"key":"2019nyro","name":"Finger Lakes Regional","start_date":"2019-03-13","state_prov":"NY","year":2019},{"city":"Rochester","country":"USA","district":null,"end_date":"2019-10-26","event_code":"nyrr","event_type":99,"key":"2019nyrr","name":"RahChaCha Ruckus","start_date":"2019-10-26","state_prov":"NY","year":2019},{"city":"Penfield","country":"USA","district":null,"end_date":"2019-02-17","event_code":"nyrra","event_type":100,"key":"2019nyrra","name":"Rochester Rally","start_date":"2019-02-17","state_prov":"NY","year":2019},{"city":"Suffern","country":"USA","district":null,"end_date":"2019-03-24","event_code":"nysu","event_type":0,"key":"2019nysu","name":"Hudson Valley Regional","start_date":"2019-03-21","state_prov":"NY","year":2019},{"city":"Troy","country":"USA","district":null,"end_date":"2019-03-09","event_code":"nytr","event_type":0,"key":"2019nytr","name":"New York Tech Valley Regional","start_date":"2019-03-06","state_prov":"NY","year":2019},{"city":"Ballston Spa","country":"USA","district":null,"end_date":"2019-10-26","event_code":"nytv","event_type":99,"key":"2019nytv","name":"Tech Valley Robot Rumble","start_date":"2019-10-26","state_prov":"NY","year":2019},{"city":"Utica","country":"USA","district":null,"end_date":"2019-03-16","event_code":"nyut","event_type":0,"key":"2019nyut","name":"Central New York Regional","start_date":"2019-03-13","state_prov":"NY","year":2019},{"city":"Cleveland","country":"USA","district":null,"end_date":"2019-03-30","event_code":"ohcl","event_type":0,"key":"2019ohcl","name":"Buckeye Regional","start_date":"2019-03-27","state_prov":"OH","year":2019},{"city":"Cleveland","country":"USA","district":null,"end_date":"2019-10-26","event_code":"ohco","event_type":99,"key":"2019ohco","name":"Curiosity Open:  Great Lakes Science Center Robotics Challenge","start_date":"2019-10-26","state_prov":"OH","year":2019},{"city":"Columbus","country":"USA","district":null,"end_date":"2019-10-13","event_code":"ohcol","event_type":99,"key":"2019ohcol","name":"CORI Invitational ","start_date":"2019-10-13","state_prov":"OH","year":2019},{"city":"Fairborn","country":"USA","district":null,"end_date":"2019-03-09","event_code":"ohmv","event_type":0,"key":"2019ohmv","name":"Miami Valley Regional","start_date":"2019-03-06","state_prov":"OH","year":2019},{"city":"Hamilton","country":"Canada","district":null,"end_date":"2019-11-10","event_code":"ohna3","event_type":99,"key":"2019ohna3","name":"Overtime Sunday","start_date":"2019-11-10","state_prov":"ON","year":2019},{"city":"Warren","country":"USA","district":null,"end_date":"2019-09-21","event_code":"ohwar","event_type":99,"key":"2019ohwar","name":"Mahoning Valley Robotics Challenge","start_date":"2019-09-21","state_prov":"OH","year":2019},{"city":"Oklahoma City","country":"USA","district":null,"end_date":"2019-03-09","event_code":"okok","event_type":0,"key":"2019okok","name":"Oklahoma Regional","start_date":"2019-03-06","state_prov":"OK","year":2019},{"city":"Barrie","country":"Canada","district":{"abbreviation":"ont","display_name":"Ontario","key":"2019ont","year":2019},"end_date":"2019-03-17","event_code":"onbar","event_type":1,"key":"2019onbar","name":"ONT District Georgian College Event","start_date":"2019-03-15","state_prov":"ON","year":2019},{"city":"Mississauga","country":"Canada","district":{"abbreviation":"ont","display_name":"Ontario","key":"2019ont","year":2019},"end_date":"2019-04-13","event_code":"oncmp","event_type":2,"key":"2019oncmp","name":"FIRST Ontario Provincial Championship","start_date":"2019-04-13","state_prov":"ON","year":2019},{"city":"Mississauga","country":"Canada","district":{"abbreviation":"ont","display_name":"Ontario","key":"2019ont","year":2019},"end_date":"2019-04-13","event_code":"oncmp1","event_type":5,"key":"2019oncmp1","name":"FIRST Ontario Provincial Championship - Science Division","start_date":"2019-04-10","state_prov":"ON","year":2019},{"city":"Mississauga","country":"Canada","district":{"abbreviation":"ont","display_name":"Ontario","key":"2019ont","year":2019},"end_date":"2019-04-13","event_code":"oncmp2","event_type":5,"key":"2019oncmp2","name":"FIRST Ontario Provincial Championship - Technology Division","start_date":"2019-04-10","state_prov":"ON","year":2019},{"city":"Toronto","country":"Canada","district":null,"end_date":"2019-08-25","event_code":"oncne","event_type":99,"key":"2019oncne","name":"Robots@CNE 2019","start_date":"2019-08-23","state_prov":"ON","year":2019},{"city":"Hamilton","country":"Canada","district":null,"end_date":"2019-11-09","event_code":"onha2","event_type":99,"key":"2019onha2","name":"STEMley Cup Championship","start_date":"2019-11-09","state_prov":"ON","year":2019},{"city":"Hamilton","country":"Canada","district":{"abbreviation":"ont","display_name":"Ontario","key":"2019ont","year":2019},"end_date":"2019-04-07","event_code":"onham","event_type":1,"key":"2019onham","name":"ONT District McMaster University Event","start_date":"2019-04-05","state_prov":"ON","year":2019},{"city":"London","country":"Canada","district":{"abbreviation":"ont","display_name":"Ontario","key":"2019ont","year":2019},"end_date":"2019-04-07","event_code":"onlon","event_type":1,"key":"2019onlon","name":"ONT District Western University, Western Engineering Event","start_date":"2019-04-05","state_prov":"ON","year":2019},{"city":"North Bay","country":"Canada","district":{"abbreviation":"ont","display_name":"Ontario","key":"2019ont","year":2019},"end_date":"2019-03-30","event_code":"onnob","event_type":1,"key":"2019onnob","name":"ONT District North Bay Event","start_date":"2019-03-28","state_prov":"ON","year":2019},{"city":"Toronto","country":"Canada","district":{"abbreviation":"ont","display_name":"Ontario","key":"2019ont","year":2019},"end_date":"2019-03-24","event_code":"onnyo","event_type":1,"key":"2019onnyo","name":"ONT District York University Event","start_date":"2019-03-22","state_prov":"ON","year":2019},{"city":"Oshawa","country":"Canada","district":{"abbreviation":"ont","display_name":"Ontario","key":"2019ont","year":2019},"end_date":"2019-03-03","event_code":"onosh","event_type":1,"key":"2019onosh","name":"ONT District Durham College Event","start_date":"2019-03-01","state_prov":"ON","year":2019},{"city":"Windsor","country":"Canada","district":null,"end_date":"2019-10-26","event_code":"onsi","event_type":99,"key":"2019onsi","name":"Southwest International","start_date":"2019-10-26","state_prov":"ON","year":2019},{"city":"Toronto","country":"Canada","district":{"abbreviation":"ont","display_name":"Ontario","key":"2019ont","year":2019},"end_date":"2019-03-16","event_code":"onto1","event_type":1,"key":"2019onto1","name":"ONT District Ryerson University Event","start_date":"2019-03-14","state_prov":"ON","year":2019},{"city":"Toronto","country":"Canada","district":{"abbreviation":"ont","display_name":"Ontario","key":"2019ont","year":2019},"end_date":"2019-03-10","event_code":"onto3","event_type":1,"key":"2019onto3","name":"ONT District Humber College Event","start_date":"2019-03-08","state_prov":"ON","year":2019},{"city":"Waterloo","country":"Canada","district":{"abbreviation":"ont","display_name":"Ontario","key":"2019ont","year":2019},"end_date":"2019-03-23","event_code":"onwat","event_type":1,"key":"2019onwat","name":"ONT District University of Waterloo Event","start_date":"2019-03-21","state_prov":"ON","year":2019},{"city":"Windsor","country":"Canada","district":{"abbreviation":"ont","display_name":"Ontario","key":"2019ont","year":2019},"end_date":"2019-03-30","event_code":"onwin","event_type":1,"key":"2019onwin","name":"ONT District Windsor Essex Great Lakes Event","start_date":"2019-03-28","state_prov":"ON","year":2019},{"city":"Wilsonville","country":"USA","district":null,"end_date":"2019-10-05","event_code":"orgg","event_type":99,"key":"2019orgg","name":"Oregon Girls' Generation","start_date":"2019-10-05","state_prov":"OR","year":2019},{"city":"Lake Oswego","country":"USA","district":{"abbreviation":"pnw","display_name":"Pacific Northwest","key":"2019pnw","year":2019},"end_date":"2019-03-30","event_code":"orlak","event_type":1,"key":"2019orlak","name":"PNW District Lake Oswego Event","start_date":"2019-03-28","state_prov":"OR","year":2019},{"city":"Oregon City","country":"USA","district":{"abbreviation":"pnw","display_name":"Pacific Northwest","key":"2019pnw","year":2019},"end_date":"2019-03-16","event_code":"orore","event_type":1,"key":"2019orore","name":"PNW District Clackamas Academy Event","start_date":"2019-03-14","state_prov":"OR","year":2019},{"city":"Wilsonville","country":"USA","district":{"abbreviation":"pnw","display_name":"Pacific Northwest","key":"2019pnw","year":2019},"end_date":"2019-03-09","event_code":"orwil","event_type":1,"key":"2019orwil","name":"PNW District Wilsonville Event","start_date":"2019-03-07","state_prov":"OR","year":2019},{"city":"Bensalem","country":"USA","district":{"abbreviation":"fma","display_name":"FIRST Mid-Atlantic","key":"2019fma","year":2019},"end_date":"2019-03-31","event_code":"paben","event_type":1,"key":"2019paben","name":"FMA District Bensalem Event","start_date":"2019-03-29","state_prov":"PA","year":2019},{"city":"California","country":"USA","district":null,"end_date":"2019-03-23","event_code":"paca","event_type":0,"key":"2019paca","name":"Greater Pittsburgh Regional","start_date":"2019-03-20","state_prov":"PA","year":2019},{"city":"Dallastown","country":"USA","district":null,"end_date":"2019-08-10","event_code":"pafcc","event_type":99,"key":"2019pafcc","name":"FIRST Capital Cup","start_date":"2019-08-09","state_prov":"PA","year":2019},{"city":"Flourtown","country":"USA","district":null,"end_date":"2019-09-28","event_code":"pagp","event_type":99,"key":"2019pagp","name":"girlPOWER","start_date":"2019-09-28","state_prov":"PA","year":2019},{"city":"Horsham","country":"USA","district":{"abbreviation":"fma","display_name":"FIRST Mid-Atlantic","key":"2019fma","year":2019},"end_date":"2019-03-03","event_code":"pahat","event_type":1,"key":"2019pahat","name":"FMA District Hatboro-Horsham Event","start_date":"2019-03-01","state_prov":"PA","year":2019},{"city":"Philadelphia","country":"USA","district":{"abbreviation":"fma","display_name":"FIRST Mid-Atlantic","key":"2019fma","year":2019},"end_date":"2019-03-17","event_code":"paphi","event_type":1,"key":"2019paphi","name":"FMA District Springside Chestnut Hill Academy Event","start_date":"2019-03-15","state_prov":"PA","year":2019},{"city":"Ambler","country":"USA","district":null,"end_date":"2019-11-03","event_code":"parr","event_type":99,"key":"2019parr","name":"Ramp Riot","start_date":"2019-11-02","state_prov":"PA","year":2019},{"city":"Oaks","country":"USA","district":null,"end_date":"2019-08-25","event_code":"pars","event_type":99,"key":"2019pars","name":"RobotStock","start_date":"2019-08-24","state_prov":"PA","year":2019},{"city":"Pittsburgh","country":"USA","district":null,"end_date":"2019-08-03","event_code":"pascs","event_type":99,"key":"2019pascs","name":"Steel City Showdown","start_date":"2019-08-03","state_prov":"PA","year":2019},{"city":"West Chester","country":"USA","district":{"abbreviation":"fma","display_name":"FIRST Mid-Atlantic","key":"2019fma","year":2019},"end_date":"2019-03-10","event_code":"pawch","event_type":1,"key":"2019pawch","name":"FMA District Westtown Event","start_date":"2019-03-08","state_prov":"PA","year":2019},{"city":"Tacoma","country":"USA","district":{"abbreviation":"pnw","display_name":"Pacific Northwest","key":"2019pnw","year":2019},"end_date":"2019-04-06","event_code":"pncmp","event_type":2,"key":"2019pncmp","name":"Pacific Northwest FIRST District Championship","start_date":"2019-04-03","state_prov":"WA","year":2019},{"city":"Montréal","country":"Canada","district":null,"end_date":"2019-03-02","event_code":"qcmo","event_type":0,"key":"2019qcmo","name":"Festival de Robotique a Montreal Regional","start_date":"2019-02-27","state_prov":"QC","year":2019},{"city":"Québec","country":"Canada","district":null,"end_date":"2019-04-06","event_code":"qcqc","event_type":0,"key":"2019qcqc","name":"Festival de Robotique a Quebec City Regional","start_date":"2019-04-03","state_prov":"QC","year":2019},{"city":"Bethpage","country":"USA","district":null,"end_date":"2019-02-17","event_code":"reny","event_type":100,"key":"2019reny","name":"Regal Eagle Rampage","start_date":"2019-02-17","state_prov":"NY","year":2019},{"city":"Smithfield","country":"USA","district":{"abbreviation":"ne","display_name":"New England","key":"2019ne","year":2019},"end_date":"2019-03-24","event_code":"rismi","event_type":1,"key":"2019rismi","name":"NE District Rhode Island Event","start_date":"2019-03-22","state_prov":"RI","year":2019},{"city":"Houston","country":"USA","district":null,"end_date":"2019-04-20","event_code":"roe","event_type":3,"key":"2019roe","name":"Roebling Division","start_date":"2019-04-17","state_prov":"TX","year":2019},{"city":"Denham Springs","country":"USA","district":null,"end_date":"2019-08-24","event_code":"rsr","event_type":99,"key":"2019rsr","name":"Red Stick Rumble","start_date":"2019-08-24","state_prov":"LA","year":2019},{"city":"Columbia","country":"USA","district":null,"end_date":"2019-10-26","event_code":"sccol","event_type":99,"key":"2019sccol","name":"South Carolina Robotics Invitational and Workshops","start_date":"2019-10-26","state_prov":"SC","year":2019},{"city":"Myrtle Beach","country":"USA","district":null,"end_date":"2019-03-02","event_code":"scmb","event_type":0,"key":"2019scmb","name":"Palmetto Regional","start_date":"2019-02-27","state_prov":"SC","year":2019},{"city":"Las Vegas","country":"USA","district":null,"end_date":"2019-10-27","event_code":"scs","event_type":99,"key":"2019scs","name":"Sin City Showdown","start_date":"2019-10-25","state_prov":"NV","year":2019},{"city":"Detroit","country":"USA","district":null,"end_date":"2019-04-27","event_code":"tes","event_type":3,"key":"2019tes","name":"Tesla Division","start_date":"2019-04-24","state_prov":"MI","year":2019},{"city":"Knoxville","country":"USA","district":null,"end_date":"2019-03-30","event_code":"tnkn","event_type":0,"key":"2019tnkn","name":"Smoky Mountains Regional","start_date":"2019-03-27","state_prov":"TN","year":2019},{"city":"Ankara","country":"Turkey","district":null,"end_date":"2019-11-25","event_code":"tuank","event_type":99,"key":"2019tuank","name":"Ankara Off-Season","start_date":"2019-11-23","state_prov":"Ankara","year":2019},{"city":"İstanbul","country":"Turkey","district":null,"end_date":"2019-03-04","event_code":"tuis","event_type":0,"key":"2019tuis","name":"Istanbul Regional","start_date":"2019-03-01","state_prov":"İstanbul","year":2019},{"city":"İstanbul","country":"Turkey","district":null,"end_date":"2019-03-07","event_code":"tuis2","event_type":0,"key":"2019tuis2","name":"Bosphorus Regional","start_date":"2019-03-05","state_prov":"İstanbul","year":2019},{"city":"Mersin","country":"Turkey","district":null,"end_date":"2019-10-20","event_code":"tumer","event_type":99,"key":"2019tumer","name":"Mersin'19 Off-Season | TR","start_date":"2019-10-18","state_prov":"Mersin","year":2019},{"city":"Houston","country":"USA","district":null,"end_date":"2019-04-20","event_code":"tur","event_type":3,"key":"2019tur","name":"Turing Division","start_date":"2019-04-17","state_prov":"TX","year":2019},{"city":"Taichung City","country":"Taiwan","district":null,"end_date":"2019-08-17","event_code":"twos","event_type":99,"key":"2019twos","name":"Taiwan FRC Off-Season","start_date":"2019-08-16","state_prov":"Taichung City","year":2019},{"city":"Amarillo","country":"USA","district":{"abbreviation":"tx","display_name":"FIRST In Texas","key":"2019tx","year":2019},"end_date":"2019-03-09","event_code":"txama","event_type":1,"key":"2019txama","name":"FIT District Amarillo Event","start_date":"2019-03-07","state_prov":"TX","year":2019},{"city":"Austin","country":"USA","district":{"abbreviation":"tx","display_name":"FIRST In Texas","key":"2019tx","year":2019},"end_date":"2019-03-03","event_code":"txaus","event_type":1,"key":"2019txaus","name":"FIT District Austin Event","start_date":"2019-03-01","state_prov":"TX","year":2019},{"city":"Channelview","country":"USA","district":{"abbreviation":"tx","display_name":"FIRST In Texas","key":"2019tx","year":2019},"end_date":"2019-03-16","event_code":"txcha","event_type":1,"key":"2019txcha","name":"FIT District Channelview Event","start_date":"2019-03-14","state_prov":"TX","year":2019},{"city":"Del Rio","country":"USA","district":{"abbreviation":"tx","display_name":"FIRST In Texas","key":"2019tx","year":2019},"end_date":"2019-03-24","event_code":"txdel","event_type":1,"key":"2019txdel","name":"FIT District Del Rio Event","start_date":"2019-03-22","state_prov":"TX","year":2019},{"city":"Dallas","country":"USA","district":{"abbreviation":"tx","display_name":"FIRST In Texas","key":"2019tx","year":2019},"end_date":"2019-03-31","event_code":"txdls","event_type":1,"key":"2019txdls","name":"FIT District Dallas Event","start_date":"2019-03-29","state_prov":"TX","year":2019},{"city":"El Paso","country":"USA","district":{"abbreviation":"tx","display_name":"FIRST In Texas","key":"2019tx","year":2019},"end_date":"2019-03-03","event_code":"txelp","event_type":1,"key":"2019txelp","name":"FIT District El Paso Event","start_date":"2019-03-01","state_prov":"TX","year":2019},{"city":"Greenville","country":"USA","district":{"abbreviation":"tx","display_name":"FIRST In Texas","key":"2019tx","year":2019},"end_date":"2019-03-23","event_code":"txgre","event_type":1,"key":"2019txgre","name":"FIT District Greenville Event","start_date":"2019-03-21","state_prov":"TX","year":2019},{"city":"Rockwall","country":"USA","district":null,"end_date":"2019-10-13","event_code":"txntx","event_type":99,"key":"2019txntx","name":"NTX Tournament of Robots and STEM Gals Off-Season Competition","start_date":"2019-10-11","state_prov":"TX","year":2019},{"city":"Pasadena","country":"USA","district":{"abbreviation":"tx","display_name":"FIRST In Texas","key":"2019tx","year":2019},"end_date":"2019-03-30","event_code":"txpas","event_type":1,"key":"2019txpas","name":"FIT District Pasadena Event","start_date":"2019-03-28","state_prov":"TX","year":2019},{"city":"Plano","country":"USA","district":{"abbreviation":"tx","display_name":"FIRST In Texas","key":"2019tx","year":2019},"end_date":"2019-03-16","event_code":"txpla","event_type":1,"key":"2019txpla","name":"FIT District Plano Event","start_date":"2019-03-14","state_prov":"TX","year":2019},{"city":"Houston","country":"USA","district":null,"end_date":"2019-06-29","event_code":"txri","event_type":99,"key":"2019txri","name":"Texas Robotics Invitational","start_date":"2019-06-28","state_prov":"TX","year":2019},{"city":"The Woodlands","country":"USA","district":null,"end_date":"2019-10-26","event_code":"txrm","event_type":99,"key":"2019txrm","name":"The Remix","start_date":"2019-10-26","state_prov":"TX","year":2019},{"city":"Dripping Springs","country":"USA","district":null,"end_date":"2019-07-20","event_code":"txrr","event_type":99,"key":"2019txrr","name":"Texas Robot Roundup","start_date":"2019-07-19","state_prov":"TX","year":2019},{"city":"San Antonio","country":"USA","district":{"abbreviation":"tx","display_name":"FIRST In Texas","key":"2019tx","year":2019},"end_date":"2019-03-10","event_code":"txsan","event_type":1,"key":"2019txsan","name":"FIT District San Antonio Event","start_date":"2019-03-08","state_prov":"TX","year":2019},{"city":"Houston","country":"USA","district":null,"end_date":"2019-01-13","event_code":"txwn6","event_type":100,"key":"2019txwn6","name":"Houston Week -6 Event","start_date":"2019-01-13","state_prov":"TX","year":2019},{"city":"West Valley City","country":"USA","district":null,"end_date":"2019-03-30","event_code":"utwv","event_type":0,"key":"2019utwv","name":"Utah Regional","start_date":"2019-03-27","state_prov":"UT","year":2019},{"city":"Blacksburg","country":"USA","district":{"abbreviation":"chs","display_name":"FIRST Chesapeake","key":"2019chs","year":2019},"end_date":"2019-03-31","event_code":"vabla","event_type":1,"key":"2019vabla","name":"CHS District Blacksburg VA Event","start_date":"2019-03-29","state_prov":"VA","year":2019},{"city":"Salem","country":"USA","district":null,"end_date":"2019-10-05","event_code":"vabrb","event_type":99,"key":"2019vabrb","name":"Blue Ridge Brawl","start_date":"2019-10-05","state_prov":"VA","year":2019},{"city":"Glen Allen","country":"USA","district":{"abbreviation":"chs","display_name":"FIRST Chesapeake","key":"2019chs","year":2019},"end_date":"2019-03-03","event_code":"vagle","event_type":1,"key":"2019vagle","name":"CHS District Richmond VA Event sponsored by Dominion Energy","start_date":"2019-03-01","state_prov":"VA","year":2019},{"city":"Haymarket","country":"USA","district":null,"end_date":"2019-10-26","event_code":"vaha2","event_type":99,"key":"2019vaha2","name":"IROC (ILITE Robotics Offseason Challenge)","start_date":"2019-10-26","state_prov":"VA","year":2019},{"city":"Haymarket","country":"USA","district":{"abbreviation":"chs","display_name":"FIRST Chesapeake","key":"2019chs","year":2019},"end_date":"2019-03-03","event_code":"vahay","event_type":1,"key":"2019vahay","name":"CHS District Haymarket VA Event sponsored by Booz Allen Hamilton","start_date":"2019-03-01","state_prov":"VA","year":2019},{"city":"Portsmouth","country":"USA","district":{"abbreviation":"chs","display_name":"FIRST Chesapeake","key":"2019chs","year":2019},"end_date":"2019-03-17","event_code":"vapor","event_type":1,"key":"2019vapor","name":"CHS District Portsmouth VA Event sponsored by Newport News Shipbuilding","start_date":"2019-03-15","state_prov":"VA","year":2019},{"city":"Newport News","country":"USA","district":null,"end_date":"2019-11-02","event_code":"varr","event_type":99,"key":"2019varr","name":"Rumble in the Roads","start_date":"2019-11-01","state_prov":"VA","year":2019},{"city":"Auburn","country":"USA","district":{"abbreviation":"pnw","display_name":"Pacific Northwest","key":"2019pnw","year":2019},"end_date":"2019-03-31","event_code":"waahs","event_type":1,"key":"2019waahs","name":"PNW District Auburn Event","start_date":"2019-03-29","state_prov":"WA","year":2019},{"city":"Auburn","country":"USA","district":{"abbreviation":"pnw","display_name":"Pacific Northwest","key":"2019pnw","year":2019},"end_date":"2019-03-10","event_code":"waamv","event_type":1,"key":"2019waamv","name":"PNW District Auburn Mountainview Event","start_date":"2019-03-08","state_prov":"WA","year":2019},{"city":"Maple Valley","country":"USA","district":null,"end_date":"2019-10-13","event_code":"wagg","event_type":99,"key":"2019wagg","name":"Washington Girls' Generation","start_date":"2019-10-12","state_prov":"WA","year":2019},{"city":"Mount Vernon","country":"USA","district":{"abbreviation":"pnw","display_name":"Pacific Northwest","key":"2019pnw","year":2019},"end_date":"2019-03-03","event_code":"wamou","event_type":1,"key":"2019wamou","name":"PNW District Mount Vernon Event","start_date":"2019-03-01","state_prov":"WA","year":2019},{"city":"SeaTac","country":"USA","district":null,"end_date":"2019-09-14","event_code":"wapp","event_type":99,"key":"2019wapp","name":"Peak Performance","start_date":"2019-09-14","state_prov":"WA","year":2019},{"city":"Spokane Valley","country":"USA","district":null,"end_date":"2019-11-02","event_code":"warr","event_type":99,"key":"2019warr","name":"Robot Rewind","start_date":"2019-11-01","state_prov":"WA","year":2019},{"city":"Snohomish","country":"USA","district":{"abbreviation":"pnw","display_name":"Pacific Northwest","key":"2019pnw","year":2019},"end_date":"2019-03-24","event_code":"wasno","event_type":1,"key":"2019wasno","name":"PNW District Glacier Peak Event","start_date":"2019-03-22","state_prov":"WA","year":2019},{"city":"Spokane","country":"USA","district":{"abbreviation":"pnw","display_name":"Pacific Northwest","key":"2019pnw","year":2019},"end_date":"2019-03-23","event_code":"waspo","event_type":1,"key":"2019waspo","name":"PNW District West Valley Event","start_date":"2019-03-21","state_prov":"WA","year":2019},{"city":"Yakima","country":"USA","district":{"abbreviation":"pnw","display_name":"Pacific Northwest","key":"2019pnw","year":2019},"end_date":"2019-03-16","event_code":"wayak","event_type":1,"key":"2019wayak","name":"PNW District SunDome Event","start_date":"2019-03-14","state_prov":"WA","year":2019},{"city":"Merrimack","country":"USA","district":null,"end_date":"2019-02-16","event_code":"week0","event_type":100,"key":"2019week0","name":"Week 0","start_date":"2019-02-16","state_prov":"NH","year":2019},{"city":"La Crosse","country":"USA","district":null,"end_date":"2019-04-06","event_code":"wila","event_type":0,"key":"2019wila","name":"Seven Rivers Regional","start_date":"2019-04-03","state_prov":"WI","year":2019},{"city":"Wales","country":"USA","district":null,"end_date":"2019-07-07","event_code":"will","event_type":99,"key":"2019will","name":"Laser Lights","start_date":"2019-07-05","state_prov":"WI","year":2019},{"city":"Milwaukee","country":"USA","district":null,"end_date":"2019-03-30","event_code":"wimi","event_type":0,"key":"2019wimi","name":"Wisconsin Regional","start_date":"2019-03-27","state_prov":"WI","year":2019},{"city":"Milwaukee","country":"USA","district":null,"end_date":"2019-09-14","event_code":"wirf","event_type":99,"key":"2019wirf","name":"RoboFest 8","start_date":"2019-09-14","state_prov":"WI","year":2019},{"city":"Wolcott","country":"USA","district":null,"end_date":"2019-06-01","event_code":"wiwi","event_type":99,"key":"2019wiwi","name":"Where is Wolcott Invitational","start_date":"2019-06-01","state_prov":"CT","year":2019},{"city":"West Salem","country":"USA","district":null,"end_date":"2019-02-17","event_code":"wiws","event_type":100,"key":"2019wiws","name":"Seven Rivers Robotics Coalition Week Zero","start_date":"2019-02-16","state_prov":"WI","year":2019},{"city":"Zeeland","country":"USA","district":null,"end_date":"2019-10-19","event_code":"wmri","event_type":99,"key":"2019wmri","name":"West Michigan Robotics Invitational","start_date":"2019-10-18","state_prov":"MI","year":2019},{"city":"Austintown","country":"USA","district":null,"end_date":"2019-05-18","event_code":"wowcmp","event_type":99,"key":"2019wowcmp","name":"WOW Alliance Championship","start_date":"2019-05-17","state_prov":"OH","year":2019},{"city":"Hangzhou Shi","country":"China","district":null,"end_date":"2019-08-04","event_code":"zhrcc","event_type":99,"key":"2019zhrcc","name":"RCC Qianjiang International Robotics Invitational","start_date":"2019-08-01","state_prov":"Zhejiang Sheng","year":2019}]
